ID,ReceiptRecordID,BrandProductMatch,Category1,Category2,Category3,Category4,Category5,QT_Category1,QT_Category2,QT_Category3,QT_Category4,QT_Category5,QT_Label1,QT_Label2,QT_Label3,QT_Label4,QT_Label5,Date,Remark,New Product ,Image File Name
1697,2663,1,男士,成衣系列,卫衣,NULL,NULL,男士,成衣,卫衣,NULL,,,,,,,2021-01-13T14:44:12.92,NULL,,
1698,2664,1,男士,成衣系列,运动服,NULL,NULL,男士,成衣,运动衫,NULL,,,,,,,2021-01-13T14:44:17.583,NULL,,
1699,2665,1,男士,成衣,牛仔,NULL,NULL,男士,成衣,牛仔装,NULL,,,,,,,2021-01-13T15:20:39.657,NULL,,
1700,2666,1,女士,皮具,卡夹,NULL,NULL,女士,皮具,皮夹,NULL,,,,,,,2021-01-13T15:21:16.81,NULL,,
1701,2670,1,女士,运动鞋,厚底运动鞋,NULL,NULL,女士,鞋,运动鞋,NULL,,,,,,,2021-01-13T15:23:57,NULL,,
1702,2671,1,男士,Highlights,礼物的想法,NULL,NULL,男士,NULL,NULL,NULL,,,,,,,2021-01-13T15:24:26.63,NULL,,
1703,2673,1,珠宝,项链,Divas' Dream,NULL,NULL,女士,珠宝,项链,NULL,,,,,,,2021-01-15T05:13:38.507,NULL,,
1704,2674,1,珠宝,项链,B.zero1,NULL,NULL,女士,珠宝,项链,NULL,,,,,,,2021-01-15T05:14:09.997,NULL,,
1705,2675,1,Women,Clothing,Skirts,NULL,NULL,女士,成衣,半身裙,NULL,,,,,,,2021-01-18T07:14:24.3,NULL,,
1706,2675,1,Women,Clothing,Skirts,NULL,NULL,女士,成衣,半身裙,NULL,,,,,,,2021-01-18T07:14:28.06,NULL,,
1707,2676,1,Women,Clothing,Knitwear,NULL,NULL,女士,成衣,针织衫,NULL,,,,,,,2021-01-18T07:15:02.183,NULL,,
1708,2677,1,女士,成衣系列,针织衫,NULL,NULL,女士,成衣,针织衫,NULL,,,,,,,2021-01-18T07:15:04.823,NULL,,
1709,2678,1,男士,包袋和配饰,腰带,NULL,NULL,男士,皮具,腰带,NULL,,,,,,,2021-01-18T07:26:57.267,NULL,,
1710,2679,1,腕表,博雅系列,,NULL,NULL,男士,腕表,NULL,NULL,,,,,,,2021-01-18T07:40:06.803,NULL,,
1711,2679,1,腕表,博雅系列,,NULL,NULL,男士,腕表,NULL,NULL,,,,,,,2021-01-18T07:49:38.323,NULL,,
1712,2680,1,腕表,康卡斯潜水系列,,NULL,NULL,男士,腕表,NULL,NULL,,,,,,,2021-01-18T07:53:24.4,NULL,,
1713,2681,1,腕表,名匠系列,,NULL,NULL,男士,腕表,NULL,NULL,,,,,,,2021-01-18T08:18:21.723,NULL,,
1714,2682,1,腕表,名匠系列,,NULL,NULL,男士,腕表,NULL,NULL,,,,,,,2021-01-18T08:19:24.393,NULL,,
1715,2683,1,腕表,康卡斯潜水系列,,NULL,NULL,男士,腕表,NULL,NULL,,,,,,,2021-01-18T08:23:35.333,NULL,,
1716,2685,1,腕表,军旗系列,,NULL,NULL,男士,腕表,NULL,NULL,,,,,,,2021-01-18T08:27:44.583,NULL,,
1717,2686,1,腕表,名匠系列,,NULL,NULL,男士,腕表,NULL,NULL,,,,,,,2021-01-18T08:28:15.057,NULL,,
1718,2687,1,腕表,心月系列,,NULL,NULL,女士,腕表,NULL,NULL,,,,,,,2021-01-18T08:36:06.57,NULL,,
1719,2688,1,男士,成衣系列,卫衣,NULL,NULL,男士,成衣,卫衣,NULL,,,,,,,2021-01-18T08:41:34.303,NULL,,
1720,2689,1,腕表,博雅系列,,NULL,NULL,男士,腕表,NULL,NULL,,,,,,,2021-01-18T09:02:05.48,NULL,,
1721,2692,1,腕表,黛绰维纳系列,,NULL,NULL,女士,腕表,NULL,NULL,,,,,,,2021-01-18T09:08:02.747,NULL,,
1722,2693,1,腕表,康卡斯潜水系列,,NULL,NULL,男士,腕表,NULL,NULL,,,,,,,2021-01-18T09:08:32.207,NULL,,
1723,2694,1,腕表,心月系列,,NULL,NULL,女士,腕表,NULL,NULL,,,,,,,2021-01-18T09:09:02.427,NULL,,
1724,2695,1,腕表,名匠系列,,NULL,NULL,男士,腕表,NULL,NULL,,,,,,,2021-01-18T09:12:02.92,NULL,,
1725,2697,1,Men,Clothing,T-shirts,NULL,NULL,男士,成衣,T桖,NULL,,,,,,,2021-01-18T09:33:12.01,NULL,,
1726,2697,1,Men,Clothing,T-shirts,NULL,NULL,男士,成衣,T桖,NULL,,,,,,,2021-01-18T09:34:33.917,NULL,,
1727,2697,1,Men,Clothing,T-shirts,NULL,NULL,男士,成衣,T桖,NULL,,,,,,,2021-01-18T09:36:51.957,NULL,,
1728,2700,1,Men,Clothing,T-shirts,NULL,NULL,男士,成衣,T桖,NULL,,,,,,,2021-01-18T09:39:50.597,NULL,,
1729,2709,1,Men,Clothing,T-shirts,NULL,NULL,男士,成衣,T桖,NULL,,,,,,,2021-01-18T10:05:50.943,NULL,,
1730,2710,1,Home Collection,Tableware,Glasses,NULL,NULL,家居礼品,NULL,NULL,NULL,,,,,,,2021-01-18T10:05:55.21,NULL,,
1731,2713,1,女士,成衣系列,外套和大衣,NULL,NULL,女士,成衣,外套,NULL,,,,,,,2021-01-18T10:20:36.733,NULL,,
1732,2714,1,Men,Bags,Tote Bags,NULL,NULL,男士,包袋,托特包,NULL,,,,,,,2021-01-18T10:23:54.183,NULL,,
1733,2715,1,女士,包袋,肩背包,NULL,NULL,女士,包袋,肩背包,NULL,,,,,,,2021-01-18T10:25:09.333,NULL,,
1734,2716,1,女士,包袋,肩背包,NULL,NULL,女士,包袋,肩背包,NULL,,,,,,,2021-01-18T10:32:21.433,NULL,,
1735,2717,1,女士,包袋,肩背包,NULL,NULL,女士,包袋,肩背包,NULL,,,,,,,2021-01-18T11:00:58.327,NULL,,
1736,2717,1,女士,包袋,肩背包,NULL,NULL,女士,包袋,肩背包,NULL,,,,,,,2021-01-18T11:01:01.91,NULL,,
1737,2720,1,女士,包袋,肩背包,NULL,NULL,女士,包袋,肩背包,NULL,,,,,,,2021-01-18T11:07:00.98,NULL,,
1738,2721,1,男士,包袋和配饰,腰带,NULL,NULL,男士,皮具,腰带,NULL,,,,,,,2021-01-18T11:07:53.047,NULL,,
1739,2722,1,女士,包袋,肩背包,NULL,NULL,女士,包袋,肩背包,NULL,,,,,,,2021-01-18T11:09:58.407,NULL,,
1740,2723,1,Women,Clothing,Denim,NULL,NULL,女士,成衣,牛仔装,NULL,,,,,,,2021-01-18T11:13:29.403,NULL,,
1741,2724,1,女士,配饰,时尚珠宝,NULL,NULL,女士,配饰,配饰珠宝,NULL,,,,,,,2021-01-18T11:13:30.32,NULL,,
1742,2725,1,男士,成衣系列,卫衣,NULL,NULL,男士,成衣,卫衣,NULL,,,,,,,2021-01-18T11:14:26.307,NULL,,
1743,2726,1,女士,成衣系列,T恤和运动衫,NULL,NULL,女士,成衣,T桖,NULL,,,,,,,2021-01-18T11:15:48.783,NULL,,
1744,2727,1,男士,成衣系列,衬衫,NULL,NULL,男士,成衣,衬衫,NULL,,,,,,,2021-01-18T11:19:12.19,NULL,,
1745,2728,1,男士,成衣系列,衬衫,NULL,NULL,男士,成衣,衬衫,NULL,,,,,,,2021-01-18T11:19:13.19,NULL,,
1746,2732,1,女士,包袋,肩背包,NULL,NULL,女士,包袋,肩背包,NULL,,,,,,,2021-01-18T11:43:46.517,NULL,,
1747,2731,1,Men,Accessories,Belts,NULL,NULL,男士,皮具,NULL,NULL,,,,,,,2021-01-18T11:43:54.607,NULL,,
1748,2736,1,Men,Clothing,Jackets & coats,NULL,NULL,男士,成衣,外套,NULL,,,,,,,2021-01-18T11:51:48.077,NULL,,
1749,2737,1,男士,成衣系列,外套和大衣,NULL,NULL,男士,成衣,外套,NULL,,,,,,,2021-01-18T11:51:50.513,NULL,,
1750,2738,1,Men,Clothing,Knitwear,NULL,NULL,男士,成衣,针织衫,NULL,,,,,,,2021-01-18T11:51:52.81,NULL,,
1751,2740,1,男士,包袋和配饰,小皮具,NULL,NULL,男士,皮具,小皮具,NULL,,,,,,,2021-01-18T12:29:14.93,NULL,,
1752,2739,1,男士,包袋和配饰,小皮具,NULL,NULL,男士,皮具,小皮具,NULL,,,,,,,2021-01-18T12:30:02.163,NULL,,
1753,2741,1,男士,包袋和配饰,腰带,NULL,NULL,男士,皮具,腰带,NULL,,,,,,,2021-01-18T12:31:35.08,NULL,,
1754,2742,1,Men,Clothing,Jackets & coats,NULL,NULL,男士,成衣,外套,NULL,,,,,,,2021-01-18T12:52:18.243,NULL,,
1755,2744,1,女士,成衣系列,T恤和运动衫,NULL,NULL,女士,成衣,T桖,NULL,,,,,,,2021-01-18T13:02:39.5,NULL,,
1756,2745,1,Women,Clothing,Denim,NULL,NULL,女士,成衣,牛仔装,NULL,,,,,,,2021-01-18T13:34:40.65,NULL,,
1757,2746,1,女士,配饰,时尚珠宝,NULL,NULL,女士,配饰,配饰珠宝,NULL,,,,,,,2021-01-18T13:34:54.213,NULL,,
1758,2747,1,Women,Clothing,T-Shirts & Sweatshirts,NULL,NULL,女士,成衣,T桖,NULL,,,,,,,2021-01-18T13:35:15.01,NULL,,
1759,2748,1,男士,成衣系列,卫衣,NULL,NULL,男士,成衣,卫衣,NULL,,,,,,,2021-01-18T13:37:29.4,NULL,,
1760,2749,1,Men,Shoes,Moccasins & Loafers,NULL,NULL,男士,鞋,乐福鞋,NULL,,,,,,,2021-01-18T13:39:02.787,NULL,,
1761,2750,1,女士,成衣系列,T恤和运动衫,NULL,NULL,女士,成衣,T桖,NULL,,,,,,,2021-01-18T13:40:18.27,NULL,,
1762,2751,1,男士,成衣系列,T恤和Polo衫,NULL,NULL,男士,成衣,T桖,NULL,,,,,,,2021-01-18T13:40:26.177,NULL,,
1763,2752,1,Women,Clothing,T-Shirts & Sweatshirts,NULL,NULL,女士,成衣,T桖,NULL,,,,,,,2021-01-18T13:40:33.24,NULL,,
1764,2755,1,Men,Clothing,T-shirts,NULL,NULL,男士,成衣,T桖,NULL,,,,,,,2021-01-18T13:43:45.64,NULL,,
1765,2756,1,Men,Clothing,Denim,NULL,NULL,男士,成衣,牛仔装,NULL,,,,,,,2021-01-18T13:43:51.68,NULL,,
1766,2760,1,男士,成衣系列,衬衫,NULL,NULL,男士,成衣,衬衫,NULL,,,,,,,2021-01-18T13:50:28.273,NULL,,
1767,2761,1,Home Collection,Versace Lifestyle,Fitness&Travel,NULL,NULL,家居礼品,NULL,NULL,NULL,,,,,,,2021-01-18T13:50:30.297,NULL,,
1768,2762,1,男士,成衣系列,衬衫,NULL,NULL,男士,成衣,衬衫,NULL,,,,,,,2021-01-18T13:50:32.39,NULL,,
1769,2766,1,腕表,博雅系列,,NULL,NULL,男士,腕表,NULL,NULL,,,,,,,2021-01-18T14:41:27.603,NULL,,
1770,2767,1,腕表,博雅系列,,NULL,NULL,男士,腕表,NULL,NULL,,,,,,,2021-01-18T15:08:23.737,NULL,,
1771,2768,1,腕表,典藏系列,,NULL,NULL,男士,腕表,NULL,NULL,,,,,,,2021-01-18T15:10:58.617,NULL,,
1772,2770,1,腕表,心月系列,,NULL,NULL,女士,腕表,NULL,NULL,,,,,,,2021-01-18T15:35:28.25,NULL,,
1773,2771,1,女士,成衣系列,T恤和运动衫,NULL,NULL,女士,成衣,T桖,NULL,,,,,,,2021-01-18T15:41:33.433,NULL,,
1774,2772,1,男士,成衣系列,T恤和Polo衫,NULL,NULL,男士,成衣,T桖,NULL,,,,,,,2021-01-18T15:41:36.04,NULL,,
1775,2773,1,Women,Clothing,T-Shirts & Sweatshirts,NULL,NULL,女士,成衣,T桖,NULL,,,,,,,2021-01-18T15:41:38.45,NULL,,
1776,2775,1,Men,Clothing,T-shirts,NULL,NULL,男士,成衣,T桖,NULL,,,,,,,2021-01-18T15:50:21.427,NULL,,
1777,2776,1,Home Collection,Tableware,Glasses,NULL,NULL,家居礼品,NULL,NULL,NULL,,,,,,,2021-01-18T15:50:23.85,NULL,,
1778,2775,1,Men,Clothing,T-shirts,NULL,NULL,男士,成衣,T桖,NULL,,,,,,,2021-01-18T15:50:31.91,NULL,,
1779,2776,1,Home Collection,Tableware,Glasses,NULL,NULL,家居礼品,NULL,NULL,NULL,,,,,,,2021-01-18T15:50:34.49,NULL,,
1780,2775,1,Men,Clothing,T-shirts,NULL,NULL,男士,成衣,T桖,NULL,,,,,,,2021-01-18T15:50:45.333,NULL,,
1781,2776,1,Home Collection,Tableware,Glasses,NULL,NULL,家居礼品,NULL,NULL,NULL,,,,,,,2021-01-18T15:50:47.563,NULL,,
1782,2778,1,女士,成衣系列,外套和大衣,NULL,NULL,女士,成衣,外套,NULL,,,,,,,2021-01-18T15:51:19.863,NULL,,
1783,2779,1,Men,Bags,Tote Bags,NULL,NULL,男士,包袋,托特包,NULL,,,,,,,2021-01-18T15:52:49.13,NULL,,
1784,2780,1,腕表,博雅系列,,NULL,NULL,男士,腕表,NULL,NULL,,,,,,,2021-01-18T15:53:46.11,NULL,,
1785,2781,1,腕表,典藏系列,,NULL,NULL,男士,腕表,NULL,NULL,,,,,,,2021-01-18T15:54:26.597,NULL,,
1786,2783,1,Men,Clothing,T-shirts,NULL,NULL,男士,成衣,T桖,NULL,,,,,,,2021-01-19T05:12:41.97,NULL,,
1787,2784,1,Home Collection,Tableware,Glasses,NULL,NULL,家居礼品,NULL,NULL,NULL,,,,,,,2021-01-19T05:12:42.86,NULL,,
1788,2786,1,女士,成衣系列,外套和大衣,NULL,NULL,女士,成衣,外套,NULL,,,,,,,2021-01-19T05:13:22.34,NULL,,
1789,2787,1,Men,Bags,Tote Bags,NULL,NULL,男士,包袋,托特包,NULL,,,,,,,2021-01-19T05:13:49.84,NULL,,
1790,2788,1,Men,Accessories,Belts,NULL,NULL,男士,皮具,NULL,NULL,,,,,,,2021-01-19T05:15:10.233,NULL,,
1791,2789,1,女士,成衣系列,T恤和运动衫,NULL,NULL,女士,成衣,T桖,NULL,,,,,,,2021-01-19T05:37:48.53,NULL,,
1792,2790,1,男士,成衣系列,T恤和Polo衫,NULL,NULL,男士,成衣,T桖,NULL,,,,,,,2021-01-19T05:37:49.507,NULL,,
1793,2791,1,Women,Clothing,T-Shirts & Sweatshirts,NULL,NULL,女士,成衣,T桖,NULL,,,,,,,2021-01-19T05:37:50.367,NULL,,
1794,2792,1,女士,成衣系列,T恤和运动衫,NULL,NULL,女士,成衣,T桖,NULL,,,,,,,2021-01-19T06:37:46.693,NULL,,
1795,2793,1,女士,成衣系列,T恤和运动衫,NULL,NULL,女士,成衣,T桖,NULL,,,,,,,2021-01-19T06:37:47.543,NULL,,
1796,2794,1,女士,成衣系列,T恤和运动衫,NULL,NULL,女士,成衣,T桖,NULL,,,,,,,2021-01-19T06:39:10.397,NULL,,
1797,2795,1,Men,Clothing,T-shirts,NULL,NULL,男士,成衣,T桖,NULL,,,,,,,2021-01-19T06:39:11.31,NULL,,
1798,2796,1,Home Collection,Tableware,Glasses,NULL,NULL,家居礼品,NULL,NULL,NULL,,,,,,,2021-01-19T06:39:12.157,NULL,,
1799,2800,1,女士,包袋,肩背包,NULL,NULL,女士,包袋,肩背包,NULL,,,,,,,2021-01-19T06:46:02.247,NULL,,
1800,2801,1,Men,Accessories,Belts,NULL,NULL,男士,皮具,NULL,NULL,,,,,,,2021-01-19T06:50:02.837,NULL,,
1801,2802,1,Men,Clothing,Jackets & coats,NULL,NULL,男士,成衣,外套,NULL,,,,,,,2021-01-19T06:51:02.54,NULL,,
1802,2803,1,男士,成衣系列,外套和大衣,NULL,NULL,男士,成衣,外套,NULL,,,,,,,2021-01-19T06:51:05.163,NULL,,
1803,2804,1,Men,Clothing,Knitwear,NULL,NULL,男士,成衣,针织衫,NULL,,,,,,,2021-01-19T06:51:09.38,NULL,,
1804,2808,1,男士,包袋和配饰,小皮具,NULL,NULL,男士,皮具,小皮具,NULL,,,,,,,2021-01-19T06:52:02.74,NULL,,
1805,2809,1,男士,包袋和配饰,腰带,NULL,NULL,男士,皮具,腰带,NULL,,,,,,,2021-01-19T06:52:41.16,NULL,,
1806,2811,1,Men,Clothing,Jackets & coats,NULL,NULL,男士,成衣,外套,NULL,,,,,,,2021-01-19T06:54:11.83,NULL,,
1807,2812,1,Women,Clothing,Denim,NULL,NULL,女士,成衣,牛仔装,NULL,,,,,,,2021-01-19T06:54:43.317,NULL,,
1808,2813,1,女士,配饰,时尚珠宝,NULL,NULL,女士,配饰,配饰珠宝,NULL,,,,,,,2021-01-19T06:54:46.363,NULL,,
1809,2814,1,Women,Clothing,T-Shirts & Sweatshirts,NULL,NULL,女士,成衣,T桖,NULL,,,,,,,2021-01-19T06:54:48.783,NULL,,
1810,2815,1,男士,成衣系列,卫衣,NULL,NULL,男士,成衣,卫衣,NULL,,,,,,,2021-01-19T06:56:03.067,NULL,,
1811,2816,1,Men,Shoes,Moccasins & Loafers,NULL,NULL,男士,鞋,乐福鞋,NULL,,,,,,,2021-01-19T06:56:51.737,NULL,,
1812,2817,1,女士,成衣系列,T恤和运动衫,NULL,NULL,女士,成衣,T桖,NULL,,,,,,,2021-01-19T06:57:41.553,NULL,,
1813,2818,1,男士,成衣系列,T恤和Polo衫,NULL,NULL,男士,成衣,T桖,NULL,,,,,,,2021-01-19T06:57:42.41,NULL,,
1814,2819,1,Women,Clothing,T-Shirts & Sweatshirts,NULL,NULL,女士,成衣,T桖,NULL,,,,,,,2021-01-19T06:57:43.26,NULL,,
1815,2820,1,男士,成衣系列,衬衫,NULL,NULL,男士,成衣,衬衫,NULL,,,,,,,2021-01-19T06:58:31.403,NULL,,
1816,2821,1,Home Collection,Versace Lifestyle,Fitness&Travel,NULL,NULL,家居礼品,NULL,NULL,NULL,,,,,,,2021-01-19T06:58:32.21,NULL,,
1817,2822,1,男士,成衣系列,衬衫,NULL,NULL,男士,成衣,衬衫,NULL,,,,,,,2021-01-19T06:58:33.12,NULL,,
1818,2823,1,Men,Clothing,T-shirts,NULL,NULL,男士,成衣,T桖,NULL,,,,,,,2021-01-19T06:59:21.527,NULL,,
1819,2824,1,Men,Clothing,Denim,NULL,NULL,男士,成衣,牛仔装,NULL,,,,,,,2021-01-19T06:59:22.487,NULL,,
1820,2826,1,腕表,博雅系列,,NULL,NULL,男士,腕表,NULL,NULL,,,,,,,2021-01-19T07:00:55.41,NULL,,
1821,2827,1,腕表,博雅系列,,NULL,NULL,男士,腕表,NULL,NULL,,,,,,,2021-01-19T07:01:31.843,NULL,,
1822,2828,1,腕表,博雅系列,,NULL,NULL,男士,腕表,NULL,NULL,,,,,,,2021-01-19T07:09:00.723,NULL,,
1823,2829,1,女士,成衣系列,T恤和运动衫,NULL,NULL,女士,成衣,T桖,NULL,,,,,,,2021-01-19T07:09:31.697,NULL,,
1824,2830,1,Men,Clothing,T-shirts,NULL,NULL,男士,成衣,T桖,NULL,,,,,,,2021-01-19T07:09:32.58,NULL,,
1825,2831,1,Home Collection,Tableware,Glasses,NULL,NULL,家居礼品,NULL,NULL,NULL,,,,,,,2021-01-19T07:09:33.39,NULL,,
1826,2832,1,女士,成衣系列,T恤和运动衫,NULL,NULL,女士,成衣,T桖,NULL,,,,,,,2021-01-19T07:18:36.133,NULL,,
1827,2833,1,Men,Clothing,T-shirts,NULL,NULL,男士,成衣,T桖,NULL,,,,,,,2021-01-19T07:18:37.087,NULL,,
1828,2834,1,Home Collection,Tableware,Glasses,NULL,NULL,家居礼品,NULL,NULL,NULL,,,,,,,2021-01-19T07:18:37.92,NULL,,
1829,2835,1,腕表,博雅系列,,NULL,NULL,男士,腕表,NULL,NULL,,,,,,,2021-01-19T07:19:14.637,NULL,,
1830,2836,1,腕表,博雅系列,,NULL,NULL,男士,腕表,NULL,NULL,,,,,,,2021-01-19T07:34:01.563,NULL,,
1831,2837,1,女士,成衣系列,T恤和运动衫,NULL,NULL,女士,成衣,T桖,NULL,,,,,,,2021-01-19T07:37:25.33,NULL,,
1832,2838,1,Men,Clothing,T-shirts,NULL,NULL,男士,成衣,T桖,NULL,,,,,,,2021-01-19T07:37:26.247,NULL,,
1833,2839,1,Home Collection,Tableware,Glasses,NULL,NULL,家居礼品,NULL,NULL,NULL,,,,,,,2021-01-19T07:37:27.06,NULL,,
1834,2840,1,腕表,博雅系列,,NULL,NULL,男士,腕表,NULL,NULL,,,,,,,2021-01-20T03:31:10.79,NULL,,
1835,2840,1,腕表,博雅系列,,NULL,NULL,男士,腕表,NULL,NULL,,,,,,,2021-01-20T06:28:07.73,NULL,,
1836,2840,1,腕表,博雅系列,,NULL,NULL,男士,腕表,NULL,NULL,,,,,,,2021-01-20T06:28:26.717,NULL,,
1837,2841,1,腕表,博雅系列,,NULL,NULL,男士,腕表,NULL,NULL,,,,,,,2021-01-20T06:28:27.273,NULL,,
1838,2842,1,腕表,康卡斯潜水系列,,NULL,NULL,男士,腕表,NULL,NULL,,,,,,,2021-01-20T06:30:32.64,NULL,,
1839,2842,1,腕表,康卡斯潜水系列,,NULL,NULL,男士,腕表,NULL,NULL,,,,,,,2021-01-20T06:30:34.307,NULL,,
1840,2843,1,腕表,名匠系列,,NULL,NULL,男士,腕表,NULL,NULL,,,,,,,2021-01-20T06:36:11.417,NULL,,
1841,2843,1,腕表,名匠系列,,NULL,NULL,男士,腕表,NULL,NULL,,,,,,,2021-01-20T06:36:14.247,NULL,,
1842,2844,1,腕表,名匠系列,,NULL,NULL,男士,腕表,NULL,NULL,,,,,,,2021-01-20T06:38:06.85,NULL,,
1843,2845,1,腕表,典藏系列,,NULL,NULL,男士,腕表,NULL,NULL,,,,,,,2021-01-20T06:40:19.24,NULL,,
1844,2846,1,腕表,康卡斯潜水系列,,NULL,NULL,男士,腕表,NULL,NULL,,,,,,,2021-01-20T06:43:17.49,NULL,,
1845,2847,1,腕表,军旗系列,,NULL,NULL,男士,腕表,NULL,NULL,,,,,,,2021-01-20T06:44:15.19,NULL,,
1846,2848,1,腕表,名匠系列,,NULL,NULL,男士,腕表,NULL,NULL,,,,,,,2021-01-20T06:48:34.273,NULL,,
1847,2850,1,腕表,心月系列,,NULL,NULL,女士,腕表,NULL,NULL,,,,,,,2021-01-20T06:51:05.513,NULL,,
1848,2851,1,腕表,心月系列,,NULL,NULL,女士,腕表,NULL,NULL,,,,,,,2021-01-20T06:52:06.15,NULL,,
1849,2852,1,腕表,康卡斯潜水系列,,NULL,NULL,男士,腕表,NULL,NULL,,,,,,,2021-01-20T06:55:55.51,NULL,,
1850,2853,1,腕表,黛绰维纳系列,,NULL,NULL,女士,腕表,NULL,NULL,,,,,,,2021-01-20T06:56:41.357,NULL,,
1851,2853,1,腕表,黛绰维纳系列,,NULL,NULL,女士,腕表,NULL,NULL,,,,,,,2021-01-20T08:13:14.9,NULL,,
1852,2853,1,腕表,黛绰维纳系列,,NULL,NULL,女士,腕表,NULL,NULL,,,,,,,2021-01-20T08:13:16.99,NULL,,
1853,2853,1,腕表,黛绰维纳系列,,NULL,NULL,女士,腕表,NULL,NULL,,,,,,,2021-01-20T08:13:18.683,NULL,,
1854,2854,1,女士,成衣系列,T恤和运动衫,NULL,NULL,女士,成衣,T桖,NULL,,,,,,,2021-01-21T03:05:05.62,NULL,,
1855,2855,1,Men,Clothing,T-shirts,NULL,NULL,男士,成衣,T桖,NULL,,,,,,,2021-01-21T03:05:06.62,NULL,,
1856,2856,1,Home Collection,Tableware,Glasses,NULL,NULL,家居礼品,NULL,NULL,NULL,,,,,,,2021-01-21T03:05:07.473,NULL,,
1857,2857,1,女士,成衣系列,T恤和运动衫,NULL,NULL,女士,成衣,T桖,NULL,,,,,,,2021-01-21T03:25:21.583,NULL,,
1858,2858,1,女士,成衣系列,T恤和运动衫,NULL,NULL,女士,成衣,T桖,NULL,,,,,,,2021-01-21T03:25:24.537,NULL,,
1859,2857,1,女士,成衣系列,T恤和运动衫,NULL,NULL,女士,成衣,T桖,NULL,,,,,,,2021-01-21T03:25:26.82,NULL,,
1860,2858,1,女士,成衣系列,T恤和运动衫,NULL,NULL,女士,成衣,T桖,NULL,,,,,,,2021-01-21T03:25:27.7,NULL,,
1861,2859,1,Men,Bags,Tote Bags,NULL,NULL,男士,包袋,托特包,NULL,,,,,,,2021-01-21T03:36:05.393,NULL,,
1862,2859,1,Men,Bags,Tote Bags,NULL,NULL,男士,包袋,托特包,NULL,,,,,,,2021-01-21T03:36:08.627,NULL,,
1863,2860,1,女士,包袋,肩背包,NULL,NULL,女士,包袋,肩背包,NULL,,,,,,,2021-01-21T03:43:32.09,NULL,,
1864,2860,1,女士,包袋,肩背包,NULL,NULL,女士,包袋,肩背包,NULL,,,,,,,2021-01-21T03:43:35.32,NULL,,
1865,2861,1,Men,Accessories,Belts,NULL,NULL,男士,皮具,NULL,NULL,,,,,,,2021-01-21T06:35:47.643,NULL,,
1866,2862,1,Men,Clothing,Jackets & coats,NULL,NULL,男士,成衣,外套,NULL,,,,,,,2021-01-21T06:39:30.38,NULL,,
1867,2863,1,男士,成衣系列,外套和大衣,NULL,NULL,男士,成衣,外套,NULL,,,,,,,2021-01-21T06:39:33.03,NULL,,
1868,2864,1,Men,Clothing,Knitwear,NULL,NULL,男士,成衣,针织衫,NULL,,,,,,,2021-01-21T06:39:35.45,NULL,,
1869,2862,1,Men,Clothing,Jackets & coats,NULL,NULL,男士,成衣,外套,NULL,,,,,,,2021-01-21T06:39:47.53,NULL,,
1870,2863,1,男士,成衣系列,外套和大衣,NULL,NULL,男士,成衣,外套,NULL,,,,,,,2021-01-21T06:39:50.137,NULL,,
1871,2864,1,Men,Clothing,Knitwear,NULL,NULL,男士,成衣,针织衫,NULL,,,,,,,2021-01-21T06:39:52.747,NULL,,
1872,2862,1,Men,Clothing,Jackets & coats,NULL,NULL,男士,成衣,外套,NULL,,,,,,,2021-01-21T06:39:57.98,NULL,,
1873,2863,1,男士,成衣系列,外套和大衣,NULL,NULL,男士,成衣,外套,NULL,,,,,,,2021-01-21T06:40:00.61,NULL,,
1874,2864,1,Men,Clothing,Knitwear,NULL,NULL,男士,成衣,针织衫,NULL,,,,,,,2021-01-21T06:40:03.177,NULL,,
1875,2865,1,男士,包袋和配饰,小皮具,NULL,NULL,男士,皮具,小皮具,NULL,,,,,,,2021-01-21T07:03:35.57,NULL,,
1876,2866,1,男士,包袋和配饰,腰带,NULL,NULL,男士,皮具,腰带,NULL,,,,,,,2021-01-21T08:07:53.447,NULL,,
1877,2866,1,男士,包袋和配饰,腰带,NULL,NULL,男士,皮具,腰带,NULL,,,,,,,2021-01-21T08:07:56.217,NULL,,
1878,2867,1,Men,Clothing,Jackets & coats,NULL,NULL,男士,成衣,外套,NULL,,,,,,,2021-01-21T08:10:00.027,NULL,,
1879,2869,1,Women,Clothing,Denim,NULL,NULL,女士,成衣,牛仔装,NULL,,,,,,,2021-01-21T08:34:18.52,NULL,,
1880,2870,1,女士,配饰,时尚珠宝,NULL,NULL,女士,配饰,配饰珠宝,NULL,,,,,,,2021-01-21T08:34:19.457,NULL,,
1881,2871,1,Women,Clothing,T-Shirts & Sweatshirts,NULL,NULL,女士,成衣,T桖,NULL,,,,,,,2021-01-21T08:34:20.34,NULL,,
1882,2869,1,Women,Clothing,Denim,NULL,NULL,女士,成衣,牛仔装,NULL,,,,,,,2021-01-21T08:34:23.58,NULL,,
1883,2870,1,女士,配饰,时尚珠宝,NULL,NULL,女士,配饰,配饰珠宝,NULL,,,,,,,2021-01-21T08:34:24.473,NULL,,
1884,2871,1,Women,Clothing,T-Shirts & Sweatshirts,NULL,NULL,女士,成衣,T桖,NULL,,,,,,,2021-01-21T08:34:25.337,NULL,,
1885,2869,1,Women,Clothing,Denim,NULL,NULL,女士,成衣,牛仔装,NULL,,,,,,,2021-01-21T08:37:27.59,NULL,,
1886,2870,1,女士,配饰,时尚珠宝,NULL,NULL,女士,配饰,配饰珠宝,NULL,,,,,,,2021-01-21T08:37:28.577,NULL,,
1887,2871,1,Women,Clothing,T-Shirts & Sweatshirts,NULL,NULL,女士,成衣,T桖,NULL,,,,,,,2021-01-21T08:37:29.45,NULL,,
1888,2872,1,Women,Clothing,Denim,NULL,NULL,女士,成衣,牛仔装,NULL,,,,,,,2021-01-21T08:38:22.74,NULL,,
1889,2873,1,女士,配饰,时尚珠宝,NULL,NULL,女士,配饰,配饰珠宝,NULL,,,,,,,2021-01-21T08:38:23.643,NULL,,
1890,2874,1,Women,Clothing,T-Shirts & Sweatshirts,NULL,NULL,女士,成衣,T桖,NULL,,,,,,,2021-01-21T08:38:24.527,NULL,,
1891,2872,1,Women,Clothing,Denim,NULL,NULL,女士,成衣,牛仔装,NULL,,,,,,,2021-01-21T08:38:27.763,NULL,,
1892,2873,1,女士,配饰,时尚珠宝,NULL,NULL,女士,配饰,配饰珠宝,NULL,,,,,,,2021-01-21T08:38:28.68,NULL,,
1893,2874,1,Women,Clothing,T-Shirts & Sweatshirts,NULL,NULL,女士,成衣,T桖,NULL,,,,,,,2021-01-21T08:38:29.54,NULL,,
1894,2875,1,男士,成衣系列,卫衣,NULL,NULL,男士,成衣,卫衣,NULL,,,,,,,2021-01-21T08:56:36.113,NULL,,
1895,2876,1,Men,Shoes,Moccasins & Loafers,NULL,NULL,男士,鞋,乐福鞋,NULL,,,,,,,2021-01-21T08:59:51.397,NULL,,
1896,2877,1,女士,成衣系列,T恤和运动衫,NULL,NULL,女士,成衣,T桖,NULL,,,,,,,2021-01-21T09:03:23.477,NULL,,
1897,2878,1,男士,成衣系列,T恤和Polo衫,NULL,NULL,男士,成衣,T桖,NULL,,,,,,,2021-01-21T09:03:24.383,NULL,,
1898,2879,1,Women,Clothing,T-Shirts & Sweatshirts,NULL,NULL,女士,成衣,T桖,NULL,,,,,,,2021-01-21T09:03:25.21,NULL,,
1899,2880,1,男士,成衣系列,衬衫,NULL,NULL,男士,成衣,衬衫,NULL,,,,,,,2021-01-21T09:06:11.833,NULL,,
1900,2881,1,Home Collection,Versace Lifestyle,Fitness&Travel,NULL,NULL,家居礼品,NULL,NULL,NULL,,,,,,,2021-01-21T09:06:12.623,NULL,,
1901,2882,1,男士,成衣系列,衬衫,NULL,NULL,男士,成衣,衬衫,NULL,,,,,,,2021-01-21T09:06:13.53,NULL,,
1902,2883,1,Men,Clothing,T-shirts,NULL,NULL,男士,成衣,T桖,NULL,,,,,,,2021-01-21T09:09:33.517,NULL,,
1903,2884,1,Men,Clothing,Denim,NULL,NULL,男士,成衣,牛仔装,NULL,,,,,,,2021-01-21T09:09:34.49,NULL,,
1904,2886,1,腕表,黛绰维纳系列,,NULL,NULL,女士,腕表,NULL,NULL,,,,,,,2021-01-25T03:20:02.687,NULL,,
1905,2886,1,腕表,黛绰维纳系列,,NULL,NULL,女士,腕表,NULL,NULL,,,,,,,2021-01-25T03:20:05.417,NULL,,
1906,2887,1,女士,成衣系列,T恤和运动衫,NULL,NULL,女士,成衣,T桖,NULL,,,,,,,2021-01-25T03:24:43.61,NULL,,
1907,2888,1,Men,Clothing,T-shirts,NULL,NULL,男士,成衣,T桖,NULL,,,,,,,2021-01-25T03:24:46.23,NULL,,
1908,2889,1,Home Collection,Tableware,Glasses,NULL,NULL,家居礼品,NULL,NULL,NULL,,,,,,,2021-01-25T03:24:48.82,NULL,,
1909,2887,1,女士,成衣系列,T恤和运动衫,NULL,NULL,女士,成衣,T桖,NULL,,,,,,,2021-01-25T03:24:53.837,NULL,,
1910,2888,1,Men,Clothing,T-shirts,NULL,NULL,男士,成衣,T桖,NULL,,,,,,,2021-01-25T03:24:56.497,NULL,,
1911,2889,1,Home Collection,Tableware,Glasses,NULL,NULL,家居礼品,NULL,NULL,NULL,,,,,,,2021-01-25T03:24:58.917,NULL,,
1912,2890,1,女士,成衣系列,T恤和运动衫,NULL,NULL,女士,成衣,T桖,NULL,,,,,,,2021-01-25T03:32:39.2,NULL,,
1913,2891,1,女士,成衣系列,T恤和运动衫,NULL,NULL,女士,成衣,T桖,NULL,,,,,,,2021-01-25T03:32:40.117,NULL,,
1914,2890,1,女士,成衣系列,T恤和运动衫,NULL,NULL,女士,成衣,T桖,NULL,,,,,,,2021-01-25T03:32:46.537,NULL,,
1915,2891,1,女士,成衣系列,T恤和运动衫,NULL,NULL,女士,成衣,T桖,NULL,,,,,,,2021-01-25T03:32:47.377,NULL,,
1916,2890,1,女士,成衣系列,T恤和运动衫,NULL,NULL,女士,成衣,T桖,NULL,,,,,,,2021-01-25T03:32:57.78,NULL,,
1917,2891,1,女士,成衣系列,T恤和运动衫,NULL,NULL,女士,成衣,T桖,NULL,,,,,,,2021-01-25T03:32:58.61,NULL,,
1918,2890,1,女士,成衣系列,T恤和运动衫,NULL,NULL,女士,成衣,T桖,NULL,,,,,,,2021-01-25T03:33:32.893,NULL,,
1919,2891,1,女士,成衣系列,T恤和运动衫,NULL,NULL,女士,成衣,T桖,NULL,,,,,,,2021-01-25T03:33:33.773,NULL,,
1920,2892,1,Men,Bags,Tote Bags,NULL,NULL,男士,包袋,托特包,NULL,,,,,,,2021-01-25T03:35:50.613,NULL,,
1921,2893,1,Men,Accessories,Belts,NULL,NULL,男士,皮具,NULL,NULL,,,,,,,2021-01-25T03:49:20.563,NULL,,
1922,2894,1,Men,Clothing,Jackets & coats,NULL,NULL,男士,成衣,外套,NULL,,,,,,,2021-01-25T03:51:27.86,NULL,,
1923,2895,1,男士,成衣系列,外套和大衣,NULL,NULL,男士,成衣,外套,NULL,,,,,,,2021-01-25T03:51:30.077,NULL,,
1924,2896,1,Men,Clothing,Knitwear,NULL,NULL,男士,成衣,针织衫,NULL,,,,,,,2021-01-25T03:51:32.657,NULL,,
1925,2897,1,Women,Clothing,Denim,NULL,NULL,女士,成衣,牛仔装,NULL,,,,,,,2021-01-25T04:04:37.68,NULL,,
1926,2898,1,女士,配饰,时尚珠宝,NULL,NULL,女士,配饰,配饰珠宝,NULL,,,,,,,2021-01-25T04:04:38.603,NULL,,
1927,2899,1,Women,Clothing,T-Shirts & Sweatshirts,NULL,NULL,女士,成衣,T桖,NULL,,,,,,,2021-01-25T04:04:39.46,NULL,,
1928,2900,1,男士,成衣系列,衬衫,NULL,NULL,男士,成衣,衬衫,NULL,,,,,,,2021-01-25T04:10:48.75,NULL,,
1929,2901,1,Home Collection,Versace Lifestyle,Fitness&Travel,NULL,NULL,家居礼品,NULL,NULL,NULL,,,,,,,2021-01-25T04:10:49.563,NULL,,
1930,2902,1,男士,成衣系列,衬衫,NULL,NULL,男士,成衣,衬衫,NULL,,,,,,,2021-01-25T04:10:50.477,NULL,,
1931,2903,1,Men,Clothing,T-shirts,NULL,NULL,男士,成衣,T桖,NULL,,,,,,,2021-01-25T04:10:53.61,NULL,,
1932,2904,1,Men,Clothing,Denim,NULL,NULL,男士,成衣,牛仔装,NULL,,,,,,,2021-01-25T04:10:54.533,NULL,,
1933,2906,1,Men,Clothing,T-shirts,NULL,NULL,男士,成衣,T桖,NULL,,,,,,,2021-01-25T09:07:27.113,NULL,,
1934,2907,1,Men,Clothing,Denim,NULL,NULL,男士,成衣,牛仔装,NULL,,,,,,,2021-01-25T09:07:28.2,NULL,,
1935,2909,1,腕表,博雅系列,,NULL,NULL,男士,腕表,NULL,NULL,,,,,,,2021-01-25T09:21:55.207,NULL,,
1936,2910,1,腕表,黛绰维纳系列,,NULL,NULL,女士,腕表,NULL,NULL,,,,,,,2021-01-25T09:33:07.977,NULL,,
1937,2916,1,Men,Clothing,T-shirts,NULL,NULL,男士,成衣,T桖,NULL,,,,,,,2021-01-26T07:17:37.847,NULL,,
1938,2917,1,男士,包袋和配饰,领带和方巾,NULL,NULL,男士,配饰,围巾,NULL,,,,,,,2021-01-26T07:17:40.947,NULL,,
1939,2918,1,Men,Clothing,Denim,NULL,NULL,男士,成衣,牛仔装,NULL,,,,,,,2021-01-26T07:17:43.587,NULL,,
1940,2924,1,腕表,黛绰维纳系列,,NULL,NULL,女士,腕表,NULL,NULL,,,,,,,2021-01-26T07:37:43.623,NULL,,
1941,2925,1,腕表,黛绰维纳系列,,NULL,NULL,女士,腕表,NULL,NULL,,,,,,,2021-01-26T07:37:46.53,NULL,,
1942,2926,1,Men,Clothing,T-shirts,NULL,NULL,男士,成衣,T桖,NULL,,,,,,,2021-01-26T08:00:44.837,NULL,,
1943,2927,1,Men,Clothing,Denim,NULL,NULL,男士,成衣,牛仔装,NULL,,,,,,,2021-01-26T08:00:45.877,NULL,,
1944,2929,1,Men,Bags,Tote Bags,NULL,NULL,男士,包袋,托特包,NULL,,,,,,,2021-01-26T08:23:47.56,NULL,,
1945,2933,1,Men,Clothing,T-shirts,NULL,NULL,男士,成衣,T桖,NULL,,,,,,,2021-01-26T10:13:40.01,NULL,,
1946,2934,1,男士,包袋和配饰,领带和方巾,NULL,NULL,男士,配饰,围巾,NULL,,,,,,,2021-01-26T10:13:40.913,NULL,,
1947,2935,1,Men,Clothing,Denim,NULL,NULL,男士,成衣,牛仔装,NULL,,,,,,,2021-01-26T10:13:41.9,NULL,,
1948,2937,1,腕表,黛绰维纳系列,,NULL,NULL,女士,腕表,NULL,NULL,,,,,,,2021-01-26T10:15:56.163,NULL,,
1949,2938,1,腕表,黛绰维纳系列,,NULL,NULL,女士,腕表,NULL,NULL,,,,,,,2021-01-26T10:15:56.923,NULL,,
1950,2939,1,腕表,博雅系列,,NULL,NULL,男士,腕表,NULL,NULL,,,,,,,2021-01-26T10:17:24.72,NULL,,
1951,2940,1,Men,Bags,Tote Bags,NULL,NULL,男士,包袋,托特包,NULL,,,,,,,2021-01-26T10:26:28.69,NULL,,
1952,2941,1,Women,Clothing,Denim,NULL,NULL,女士,成衣,牛仔装,NULL,,,,,,,2021-01-26T10:27:06.567,NULL,,
1953,2942,1,女士,配饰,时尚珠宝,NULL,NULL,女士,配饰,配饰珠宝,NULL,,,,,,,2021-01-26T10:27:07.46,NULL,,
1954,2943,1,Women,Clothing,T-Shirts & Sweatshirts,NULL,NULL,女士,成衣,T桖,NULL,,,,,,,2021-01-26T10:27:08.293,NULL,,
1955,2944,1,男士,成衣系列,衬衫,NULL,NULL,男士,成衣,衬衫,NULL,,,,,,,2021-01-26T11:09:10.063,NULL,,
1956,2945,1,Home Collection,Versace Lifestyle,Fitness&Travel,NULL,NULL,家居礼品,NULL,NULL,NULL,,,,,,,2021-01-26T11:09:12.407,NULL,,
1957,2946,1,男士,成衣系列,衬衫,NULL,NULL,男士,成衣,衬衫,NULL,,,,,,,2021-01-26T11:09:15.243,NULL,,
1958,2944,1,男士,成衣系列,衬衫,NULL,NULL,男士,成衣,衬衫,NULL,,,,,,,2021-01-26T11:37:44.36,NULL,,
1959,2945,1,Home Collection,Versace Lifestyle,Fitness&Travel,NULL,NULL,家居礼品,NULL,NULL,NULL,,,,,,,2021-01-26T11:37:45.28,NULL,,
1960,2946,1,男士,成衣系列,衬衫,NULL,NULL,男士,成衣,衬衫,NULL,,,,,,,2021-01-26T11:37:46.24,NULL,,
1961,2947,1,女士,包袋,肩背包,NULL,NULL,女士,包袋,肩背包,NULL,,,,,,,2021-02-05T12:38:12.48,NULL,,
1962,2947,1,女士,包袋,肩背包,NULL,NULL,女士,包袋,肩背包,NULL,,,,,,,2021-02-05T12:38:14.467,NULL,,
1963,2948,1,腕表,博雅系列,,NULL,NULL,男士,腕表,NULL,NULL,,,,,,,2021-02-06T15:05:41.527,NULL,,
1964,2949,1,女士,成衣系列,T恤和运动衫,NULL,NULL,女士,成衣,T桖,NULL,,,,,,,2021-02-06T15:07:05.31,NULL,,
1965,2950,1,Men,Clothing,T-shirts,NULL,NULL,男士,成衣,T桖,NULL,,,,,,,2021-02-06T15:07:06.323,NULL,,
1966,2951,1,Home Collection,Tableware,Glasses,NULL,NULL,家居礼品,NULL,NULL,NULL,,,,,,,2021-02-06T15:07:07.21,NULL,,
1967,2952,1,女士,成衣系列,T恤和运动衫,NULL,NULL,女士,成衣,T桖,NULL,,,,,,,2021-02-06T15:09:12.72,NULL,,
1968,2953,1,女士,成衣系列,T恤和运动衫,NULL,NULL,女士,成衣,T桖,NULL,,,,,,,2021-02-06T15:09:13.57,NULL,,
1969,2954,1,Men,Bags,Tote Bags,NULL,NULL,男士,包袋,托特包,NULL,,,,,,,2021-02-06T15:10:14.75,NULL,,
1970,2955,1,女士,包袋,肩背包,NULL,NULL,女士,包袋,肩背包,NULL,,,,,,,2021-02-06T15:10:58.417,NULL,,
1971,2956,1,Men,Accessories,Belts,NULL,NULL,男士,皮具,NULL,NULL,,,,,,,2021-02-06T15:11:33.257,NULL,,
1972,2957,1,Men,Clothing,Jackets & coats,NULL,NULL,男士,成衣,外套,NULL,,,,,,,2021-02-06T15:12:03.243,NULL,,
1973,2958,1,男士,成衣系列,外套和大衣,NULL,NULL,男士,成衣,外套,NULL,,,,,,,2021-02-06T15:12:04.06,NULL,,
1974,2959,1,Men,Clothing,Knitwear,NULL,NULL,男士,成衣,针织衫,NULL,,,,,,,2021-02-06T15:12:04.893,NULL,,
1975,2960,1,男士,包袋和配饰,小皮具,NULL,NULL,男士,皮具,小皮具,NULL,,,,,,,2021-02-06T15:12:52.17,NULL,,
1976,2961,1,男士,包袋和配饰,腰带,NULL,NULL,男士,皮具,腰带,NULL,,,,,,,2021-02-06T15:13:21.54,NULL,,
1977,2962,1,Men,Clothing,Jackets & coats,NULL,NULL,男士,成衣,外套,NULL,,,,,,,2021-02-06T15:13:52.467,NULL,,
1978,2964,1,Women,Clothing,Denim,NULL,NULL,女士,成衣,牛仔装,NULL,,,,,,,2021-02-06T15:14:52.903,NULL,,
1979,2965,1,女士,配饰,时尚珠宝,NULL,NULL,女士,配饰,配饰珠宝,NULL,,,,,,,2021-02-06T15:14:53.783,NULL,,
1980,2966,1,Women,Clothing,T-Shirts & Sweatshirts,NULL,NULL,女士,成衣,T桖,NULL,,,,,,,2021-02-06T15:14:54.627,NULL,,
1981,2967,1,男士,成衣系列,卫衣,NULL,NULL,男士,成衣,卫衣,NULL,,,,,,,2021-02-06T15:15:55.32,NULL,,
1982,2968,1,Men,Shoes,Moccasins & Loafers,NULL,NULL,男士,鞋,乐福鞋,NULL,,,,,,,2021-02-06T15:16:31.723,NULL,,
1983,2968,1,Men,Shoes,Moccasins & Loafers,NULL,NULL,男士,鞋,乐福鞋,NULL,,,,,,,2021-02-06T15:16:40.54,NULL,,
1984,2969,1,女士,成衣系列,T恤和运动衫,NULL,NULL,女士,成衣,T桖,NULL,,,,,,,2021-02-06T15:18:51.717,NULL,,
1985,2970,1,男士,成衣系列,T恤和Polo衫,NULL,NULL,男士,成衣,T桖,NULL,,,,,,,2021-02-06T15:18:52.66,NULL,,
1986,2971,1,Women,Clothing,T-Shirts & Sweatshirts,NULL,NULL,女士,成衣,T桖,NULL,,,,,,,2021-02-06T15:18:53.51,NULL,,
1987,2972,1,男士,成衣系列,衬衫,NULL,NULL,男士,成衣,衬衫,NULL,,,,,,,2021-02-06T15:19:56.693,NULL,,
1988,2973,1,Home Collection,Versace Lifestyle,Fitness&Travel,NULL,NULL,家居礼品,NULL,NULL,NULL,,,,,,,2021-02-06T15:19:57.503,NULL,,
1989,2974,1,男士,成衣系列,衬衫,NULL,NULL,男士,成衣,衬衫,NULL,,,,,,,2021-02-06T15:19:58.453,NULL,,
1990,2975,1,Men,Clothing,T-shirts,NULL,NULL,男士,成衣,T桖,NULL,,,,,,,2021-02-06T15:20:44.967,NULL,,
1991,2976,1,男士,包袋和配饰,领带和方巾,NULL,NULL,男士,配饰,围巾,NULL,,,,,,,2021-02-06T15:20:45.76,NULL,,
1992,2977,1,Men,Clothing,Denim,NULL,NULL,男士,成衣,牛仔装,NULL,,,,,,,2021-02-06T15:20:46.67,NULL,,
1993,2979,1,女士,成衣系列,T恤和运动衫,NULL,NULL,女士,成衣,T桖,NULL,,,,,,,2021-02-06T15:32:23.387,NULL,,
1994,2980,1,Men,Clothing,T-shirts,NULL,NULL,男士,成衣,T桖,NULL,,,,,,,2021-02-06T15:32:24.313,NULL,,
1995,2981,1,Home Collection,Tableware,Glasses,NULL,NULL,家居礼品,NULL,NULL,NULL,,,,,,,2021-02-06T15:32:25.15,NULL,,
1996,2982,1,Men,Clothing,Denim,NULL,NULL,男士,成衣,牛仔装,NULL,,,,,,,2021-02-06T15:34:25.78,NULL,,
1997,2983,1,男士,成衣系列,卫衣,NULL,NULL,男士,成衣,卫衣,NULL,,,,,,,2021-02-06T15:34:26.68,NULL,,
1998,2984,1,男士,成衣系列,T恤和Polo衫,NULL,NULL,男士,成衣,T桖,NULL,,,,,,,2021-02-06T15:34:27.643,NULL,,
1999,2985,1,男士,成衣系列,运动服,NULL,NULL,男士,成衣,运动衫,NULL,,,,,,,2021-02-06T15:34:28.607,NULL,,
2000,2986,1,男士,成衣系列,卫衣,NULL,NULL,男士,成衣,卫衣,NULL,,,,,,,2021-02-06T15:35:03.313,NULL,,
2001,2987,1,男士,成衣系列,运动服,NULL,NULL,男士,成衣,运动衫,NULL,,,,,,,2021-02-06T15:35:04.25,NULL,,
2002,2988,1,男士,包袋和配饰,太阳眼镜,NULL,NULL,男士,配饰,眼镜,NULL,,,,,,,2021-02-06T15:35:42.363,NULL,,
2003,2989,1,Women,Clothing,Skirts,NULL,NULL,女士,成衣,半身裙,NULL,,,,,,,2021-02-06T15:36:12.713,NULL,,
2004,2990,1,男士,成衣系列,卫衣,NULL,NULL,男士,成衣,卫衣,NULL,,,,,,,2021-02-06T15:39:03.59,NULL,,
2005,2991,1,Men,Clothing,Pants,NULL,NULL,男士,成衣,裤子,NULL,,,,,,,2021-02-06T15:39:04.443,NULL,,
2006,2994,1,Women,Shoes,Boots & Booties,NULL,NULL,女士,鞋,皮靴,NULL,,,,,,,2021-02-06T15:40:53,NULL,,
2007,2995,1,女士,配饰,腰带,NULL,NULL,女士,皮具,腰带,NULL,,,,,,,2021-02-06T15:41:35.127,NULL,,
2008,2996,1,女士,配饰,腰带,NULL,NULL,女士,皮具,腰带,NULL,,,,,,,2021-02-06T15:41:37.953,NULL,,
2009,2997,1,男士,包袋和配饰,小皮具,NULL,NULL,男士,皮具,小皮具,NULL,,,,,,,2021-02-06T15:42:23.42,NULL,,
2010,2998,1,女士,成衣系列,针织衫,NULL,NULL,女士,成衣,针织衫,NULL,,,,,,,2021-02-06T15:43:05.063,NULL,,
2011,2999,1,男士,包袋和配饰,腰带,NULL,NULL,男士,皮具,腰带,NULL,,,,,,,2021-02-06T15:43:44.953,NULL,,
2012,3000,1,Women,Clothing,Knitwear,NULL,NULL,女士,成衣,针织衫,NULL,,,,,,,2021-02-06T15:44:24.987,NULL,,
2013,3001,1,女士,成衣系列,针织衫,NULL,NULL,女士,成衣,针织衫,NULL,,,,,,,2021-02-06T15:44:27.267,NULL,,
2014,3002,1,男士,成衣系列,卫衣,NULL,NULL,男士,成衣,卫衣,NULL,,,,,,,2021-02-06T15:45:04.517,NULL,,
2015,3003,1,女士,配饰,腰带,NULL,NULL,女士,皮具,腰带,NULL,,,,,,,2021-02-06T15:45:44.39,NULL,,
2016,3004,1,女士,配饰,小皮具,NULL,NULL,女士,皮具,小皮具,NULL,,,,,,,2021-02-06T15:45:46.61,NULL,,
2017,3005,1,男士,包袋和配饰,腰带,NULL,NULL,男士,皮具,腰带,NULL,,,,,,,2021-02-06T15:45:49.237,NULL,,
2018,3007,1,Women,Clothing,Jackets & Coats,NULL,NULL,女士,成衣,外套,NULL,,,,,,,2021-02-06T15:46:53.877,NULL,,
2019,3008,1,女士,成衣系列,内衣和袜子,NULL,NULL,女士,成衣,内衣,NULL,,,,,,,2021-02-06T15:46:56.3,NULL,,
2020,3009,1,男士,成衣系列,针织衫,NULL,NULL,男士,成衣,针织衫,NULL,,,,,,,2021-02-06T15:47:34.423,NULL,,
2021,3010,1,Women,Accessories,Eyewear,NULL,NULL,女士,配饰,眼镜,NULL,,,,,,,2021-02-06T15:48:04.8,NULL,,
2022,3011,1,女士,女鞋,短靴和长靴,NULL,NULL,女士,鞋,皮靴,NULL,,,,,,,2021-02-06T15:48:33.177,NULL,,
2023,3013,1,男士,皮具,小号钱包,NULL,NULL,男士,皮具,钱包,NULL,,,,,,,2021-02-06T16:10:42.77,NULL,,
2024,3014,1,SHOP-WOMEN,BELTS AND BELT BAGS,,NULL,NULL,,,,,,,,,,,2021-02-06T16:11:36.53,NULL,,
2025,3015,1,女士,皮具,其他配饰,NULL,NULL,女士,皮具,NULL,NULL,,,,,,,2021-02-06T16:12:17.05,NULL,,
2026,3016,1,SHOP-WOMEN,SALE,,NULL,NULL,女士,时装,NULL,NULL,,,,,,,2021-02-06T16:12:17.94,NULL,,
2027,3017,1,男士,成衣,皮装,NULL,NULL,男士,成衣,皮夾,NULL,,,,,,,2021-02-06T16:14:27.603,NULL,,
2028,3018,1,男士,成衣,西装上衣 &amp; 长裤,NULL,NULL,男士,成衣,外套,NULL,,,,,,,2021-02-06T16:14:28.343,NULL,,
2029,3019,1,女士,迷你袋,LOULOU,NULL,NULL,女士,包袋,NULL,NULL,,,,,,,2021-02-06T16:15:21.327,NULL,,
2030,3020,1,女士,手袋,肩背包,NULL,NULL,女士,包袋,肩背包,NULL,,,,,,,2021-02-06T16:15:22.123,NULL,,
2031,3021,1,女士,皮具,手袋&amp;箱子,NULL,NULL,女士,皮具,手袋,NULL,,,,,,,2021-02-06T16:15:22.987,NULL,,
2032,3022,1,女士,手袋,肩背包,NULL,NULL,女士,包袋,肩背包,NULL,,,,,,,2021-02-06T16:15:57.467,NULL,,
2033,3023,1,女士,迷你袋,登山帆布鞋,NULL,NULL,女士,包袋,NULL,NULL,,,,,,,2021-02-06T16:15:58.31,NULL,,
2034,3024,1,女士,手袋,斜挎包,NULL,NULL,女士,包袋,肩背包,NULL,,,,,,,2021-02-06T16:16:37.017,NULL,,
2035,3025,1,SHOP-MEN,READY TO WEAR,DENIM,NULL,NULL,男士,成衣,牛仔装,NULL,,,,,,,2021-02-06T16:17:17.37,NULL,,
2036,3026,1,女士,手袋,斜挎包,NULL,NULL,女士,包袋,肩背包,NULL,,,,,,,2021-02-06T16:17:57.347,NULL,,
2037,3027,1,女士,鞋履,靴子,NULL,NULL,女士,鞋,皮靴,NULL,,,,,,,2021-02-06T16:18:36.983,NULL,,
2038,3028,1,女士,皮具,卡夹,NULL,NULL,女士,皮具,皮夹,NULL,,,,,,,2021-02-06T16:19:06.76,NULL,,
2039,3029,1,男士,成衣,牛仔,NULL,NULL,男士,成衣,牛仔装,NULL,,,,,,,2021-02-06T16:19:47.327,NULL,,
2040,3030,1,SHOP-WOMEN,SALE,,NULL,NULL,女士,时装,NULL,NULL,,,,,,,2021-02-06T16:23:38.093,NULL,,
2041,3031,1,SHOP-WOMEN,SALE,,NULL,NULL,女士,时装,NULL,NULL,,,,,,,2021-02-06T16:23:57.01,NULL,,
2042,3032,1,女士,鞋履,运动鞋,NULL,NULL,女士,鞋,运动鞋,NULL,,,,,,,2021-02-06T16:24:16.607,NULL,,
2043,3033,1,SHOP-WOMEN,SALE,,NULL,NULL,女士,时装,NULL,NULL,,,,,,,2021-02-06T16:24:39.437,NULL,,
2044,3034,1,男士,成衣,衬衫,NULL,NULL,男士,成衣,衬衫,NULL,,,,,,,2021-02-06T16:25:11.033,NULL,,
2045,3034,1,男士,成衣,衬衫,NULL,NULL,男士,成衣,衬衫,NULL,,,,,,,2021-02-06T16:26:15.177,NULL,,
2046,3034,1,男士,成衣,衬衫,NULL,NULL,男士,成衣,衬衫,NULL,,,,,,,2021-02-06T16:26:28.07,NULL,,
2047,3037,1,女士,成衣,西装上衣,NULL,NULL,女士,成衣,外套,NULL,,,,,,,2021-02-06T16:28:22.57,NULL,,
2048,3038,1,女士,珠宝,胸针,NULL,NULL,女士,配饰,胸针,NULL,,,,,,,2021-02-06T16:28:23.367,NULL,,
2049,3037,1,女士,成衣,西装上衣,NULL,NULL,女士,成衣,外套,NULL,,,,,,,2021-02-06T16:28:40.853,NULL,,
2050,3038,1,女士,珠宝,胸针,NULL,NULL,女士,配饰,胸针,NULL,,,,,,,2021-02-06T16:28:41.653,NULL,,
2051,3040,1,男士,成衣,牛仔,NULL,NULL,男士,成衣,牛仔装,NULL,,,,,,,2021-02-06T16:29:57.747,NULL,,
2052,3037,1,女士,成衣,西装上衣,NULL,NULL,女士,成衣,外套,NULL,,,,,,,2021-02-06T16:30:23.047,NULL,,
2053,3038,1,女士,珠宝,胸针,NULL,NULL,女士,配饰,胸针,NULL,,,,,,,2021-02-06T16:30:23.79,NULL,,
2054,3041,1,女士,手袋,肩背包,NULL,NULL,女士,包袋,肩背包,NULL,,,,,,,2021-02-06T16:30:45.283,NULL,,
2055,3042,1,女士,手袋,肩背包,NULL,NULL,女士,包袋,肩背包,NULL,,,,,,,2021-02-06T16:30:46.12,NULL,,
